<?xml version="1.0" encoding="UTF-8"?>
<project-private xmlns="http://www.netbeans.org/ns/project-private/1">
    <editor-bookmarks xmlns="http://www.netbeans.org/ns/editor-bookmarks/2" lastBookmarkId="0"/>
    <open-files xmlns="http://www.netbeans.org/ns/projectui-open-files/2">
        <group>
            <file>file:/D:/ta%20indo/ProjetoTela/Projeto/src/view/clientePersonal.java</file>
            <file>file:/D:/ta%20indo/ProjetoTela/Projeto/src/view/gerenteCadastrar.java</file>
            <file>file:/D:/ta%20indo/ProjetoTela/Projeto/src/control/Usuario_C.java</file>
            <file>file:/D:/ta%20indo/ProjetoTela/Projeto/src/view/clientePerfil.java</file>
            <file>file:/D:/ta%20indo/ProjetoTela/Projeto/src/view/menuCliente.java</file>
            <file>file:/D:/ta%20indo/ProjetoTela/Projeto/src/view/tlCadastro.java</file>
        </group>
    </open-files>
</project-private>
